home_gms,home_total,home_avg,road_gms,road_avg,all_gms,all_avg,season,team_id
41,851824,20776,41,18030,82,19403,2018,29
41,843042,20562,41,19071,82,19825,2018,21
41,833503,20329,41,18012,82,19185,2018,30
41,813431,19839,41,17673,82,18756,2018,22
41,811453,19791,41,17374,82,18597,2018,1
41,785250,19631,41,18177,82,18895,2018,14
41,803436,19596,41,18884,82,19240,2018,5
41,795328,19398,41,17556,82,18477,2018,18
41,792608,19331,41,18179,82,18762,2018,17
41,776327,18934,41,18655,82,18796,2018,6
41,744960,18624,41,18588,82,18606,2018,27
41,754562,18403,41,18427,82,18415,2018,10
41,746323,18203,41,18866,82,18534,2018,20
41,718946,17973,41,17682,82,17826,2018,4
41,734806,17922,41,17495,82,17708,2018,7
41,716008,17900,41,18369,82,18137,2018,28
41,715728,17893,41,17651,82,17770,2018,15
41,649571,17555,41,17478,82,17515,2018,12
41,713945,17413,41,17959,82,17686,2018,16
41,702796,17141,41,17871,82,17506,2018,2
41,699308,17056,41,17850,82,17453,2018,26
41,697812,17019,41,17735,82,17373,2018,13
41,674655,16866,41,17610,82,17243,2018,19
41,685303,16714,41,18380,82,17547,2018,9
41,673920,16437,41,17911,82,17174,2018,23
41,671404,16375,41,17623,82,16999,2018,24
41,658119,16051,41,17749,82,16889,2018,11
41,653863,15947,41,17348,82,16648,2018,8
41,622278,15556,41,17687,82,16622,2018,3
41,590769,14409,41,17854,82,16088,2018,25
41,838092,20441,41,17895,82,19168,2019,30
41,823475,20084,41,17822,82,18953,2019,29
41,820569,20013,41,18073,82,19043,2019,1
41,812822,19824,41,18239,82,19032,2019,22
41,805264,19640,41,18176,82,18908,2019,14
41,803436,19596,41,18790,82,19193,2019,5
41,799345,19496,41,17992,82,18753,2019,18
41,793337,19349,41,17632,82,18490,2019,21
41,779087,19002,41,17566,82,18284,2019,17
41,778877,18997,41,18862,82,18929,2019,6
41,763584,18624,41,18671,82,18647,2019,27
41,756457,18450,41,17474,82,17962,2019,2
41,750616,18307,41,17381,82,17844,2019,10
41,750546,18306,41,17517,82,17911,2019,7
41,746323,18203,41,17866,82,18034,2019,20
41,740392,18058,41,17921,82,17989,2019,28
41,721692,17602,41,18185,82,17893,2019,9
41,720024,17561,41,17659,82,17610,2019,15
41,716996,17487,41,17509,82,17498,2019,4
41,710327,17325,41,17233,82,17279,2019,13
41,700975,17096,41,17199,82,17148,2019,12
41,689310,16812,41,17957,82,17377,2019,11
41,676570,16501,41,17648,82,17074,2019,24
41,675963,16486,41,17819,82,17153,2019,16
41,656183,16004,41,17667,82,16835,2019,23
41,607564,15578,41,17579,82,16604,2019,8
41,628440,15327,41,17786,82,16557,2019,25
41,627543,15305,41,17641,82,16473,2019,26
41,627023,15293,41,17982,82,16638,2019,19
41,612597,14941,41,18085,82,16513,2019,3
35,639491,20628,38,17706,73,19122,2020,30
38,682096,20061,37,18249,75,19169,2020,1
36,633456,19795,36,17789,72,18792,2020,22
36,629771,19680,37,18127,73,18891,2020,14
36,608634,19633,38,17941,74,18748,2020,18
37,633153,19186,36,17163,73,18190,2020,2
36,610864,19089,36,18409,72,18749,2020,27
36,610176,19068,36,17855,72,18461,2020,13
35,588907,18997,36,18877,71,18936,2020,6
33,620789,18811,33,17767,66,18289,2020,17
34,639352,18804,31,17767,65,18310,2020,29
34,550515,18350,37,17588,71,17951,2020,10
37,600699,18203,35,17855,72,18034,2020,20
36,578458,18076,36,18072,72,18074,2020,28
34,614176,18064,31,17454,65,17773,2020,5
36,623576,17816,29,18254,65,18014,2020,21
35,549036,17710,38,17892,73,17805,2020,9
35,529870,17092,38,17243,73,17171,2020,15
36,532702,16646,36,17587,72,17117,2020,4
36,529002,16531,37,17297,73,16914,2020,11
36,528172,16505,36,18234,72,17369,2020,23
36,524907,16403,36,17910,72,17157,2020,3
34,545453,16042,33,17786,67,16901,2020,25
37,523297,15857,36,17508,73,16670,2020,8
39,550633,15732,34,17660,73,16622,2020,19
33,509463,15438,33,17641,66,16539,2020,16
31,478591,15438,34,17564,65,16550,2020,24
32,482112,15066,32,17463,64,16264,2020,26
35,520663,0,37,0,72,0,2020,12
35,567486,0,37,0,72,0,2020,7
36,151300,4450,36,3104,72,4077,2021,7
36,68583,3810,36,2693,72,3284,2021,30
36,104027,3715,36,2951,72,3397,2021,19
36,94849,3648,36,2316,72,3140,2021,1
36,54554,3636,36,2481,72,3023,2021,2
36,130712,3630,36,2954,72,3405,2021,15
36,13655,3413,36,2343,72,2538,2021,29
36,68255,3412,36,2475,72,2981,2021,24
36,117009,3250,36,3282,72,3259,2021,28
36,61053,3052,36,3170,72,3111,2021,10
36,33457,3041,36,2873,72,2939,2021,5
36,91476,2950,36,2616,72,2828,2021,21
36,21331,2666,36,2678,72,2675,2021,4
36,64780,2591,36,2644,72,2612,2021,9
36,93120,2586,36,2793,72,2662,2021,23
36,26024,2365,36,2046,72,2152,2021,22
36,23313,2331,36,3015,72,2762,2021,6
36,30067,2312,36,2781,72,2607,2021,27
36,59288,2195,36,2786,72,2397,2021,25
36,61449,2194,36,2928,72,2500,2021,8
36,7756,1939,36,3420,72,3138,2021,18
36,42131,1755,36,2803,72,2244,2021,17
36,13901,1737,36,2932,72,2590,2021,13
36,30491,1524,36,3005,72,2182,2021,3
36,15774,1434,36,2307,72,1937,2021,26
36,14250,647,36,2946,72,1579,2021,16
36,0,0,36,3030,72,2840,2021,11
36,0,0,36,3272,72,3108,2021,14
36,0,0,36,3007,72,2660,2021,12
36,0,0,36,2463,72,2203,2021,20
41,856148,20881,41,18198,82,19556,2022,29
41,846867,20655,41,16589,82,18622,2022,30
41,809315,19739,41,17092,82,18415,2022,1
41,804761,19628,41,17294,82,18476,2022,14
41,766240,19156,41,17583,82,18360,2022,27
41,547343,18873,41,17233,82,17913,2022,22
41,764631,18649,41,18179,82,18414,2022,6
41,763484,18621,41,17722,82,18177,2022,17
41,758228,18493,41,17134,82,17813,2022,21
41,750546,18306,41,16898,82,17610,2022,7
41,740624,18064,41,18111,82,18087,2022,5
41,715581,17453,41,17656,82,17555,2022,9
41,711539,17354,41,17456,82,17405,2022,3
41,705608,17209,41,16559,82,16888,2022,18
41,700755,17091,41,17503,82,17294,2022,24
41,695262,16957,41,16864,82,16911,2022,2
41,694005,16926,41,16910,82,16918,2022,13
41,679252,16567,41,17403,82,16979,2022,19
41,672742,16408,41,17073,82,16736,2022,25
41,663556,16184,41,16752,82,16468,2022,16
41,657148,16028,41,16811,82,16419,2022,26
41,646785,15775,41,17740,82,16757,2022,8
41,638977,15584,41,16655,82,16120,2022,28
41,637215,15541,41,16939,82,16231,2022,4
41,635941,15510,41,16727,82,16103,2022,23
41,622881,15192,41,17062,82,16127,2022,15
41,615588,15014,41,16939,82,15965,2022,10
41,595112,14877,41,16638,82,15768,2022,20
41,577583,14439,41,16598,82,15532,2022,12
41,588743,14359,41,16794,82,15577,2022,11
41,841632,20527,41,18243,82,19385,2023,29
41,839261,20469,41,17910,82,19190,2023,30
41,827282,20177,41,18138,82,19158,2023,1
41,811261,19786,41,17755,82,18771,2023,22
41,807190,19687,41,18369,82,19028,2023,14
41,777280,19432,41,18093,82,18754,2023,21
41,795110,19392,41,18467,82,18930,2023,17
41,788635,19235,41,17628,82,18431,2023,2
41,766240,19156,41,18830,82,18991,2023,27
41,767374,18716,41,17786,82,18257,2023,18
41,763168,18613,41,18777,82,18695,2023,6
41,759715,18529,41,17866,82,18197,2023,16
41,728240,18206,41,17881,82,18041,2023,7
41,740624,18064,41,19772,82,18907,2023,5
41,728405,17765,41,18013,82,17888,2023,15
41,724439,17669,41,18312,82,17990,2023,3
41,720543,17574,41,17625,82,17599,2023,13
41,719787,17555,41,18053,82,17804,2023,25
41,718786,17531,41,18296,82,17913,2023,9
41,715491,17451,41,17534,82,17492,2023,12
41,710481,17328,41,17753,82,17541,2023,4
41,707836,17264,41,18162,82,17713,2023,8
41,702052,17123,41,18032,82,17578,2023,24
41,682840,17071,41,18294,82,17690,2023,19
41,694434,16937,41,17649,82,17293,2023,10
41,687691,16772,41,18021,82,17397,2023,23
41,687510,16768,41,17499,82,17133,2023,26
41,668865,16313,41,17677,82,16995,2023,28
41,641562,15647,41,17900,82,16774,2023,11
41,636903,15534,41,17948,82,16726,2023,20
41,845620,20624,41,18379,82,19501,2024,29
41,828897,20217,41,18299,82,19258,2024,1
41,821714,20041,41,18395,82,19218,2024,30
41,809743,19749,41,18392,82,19071,2024,14
41,808885,19728,41,18620,82,19174,2024,17
41,807062,19684,41,18211,82,18948,2024,2
41,800129,19515,41,17993,82,18754,2024,22
41,793167,19345,41,18378,82,18862,2024,21
41,785396,19156,41,18743,82,18949,2024,27
41,776782,18945,41,18431,82,18688,2024,13
42,793945,18903,40,18673,82,18791,2024,6
41,773939,18876,41,18105,82,18491,2024,15
41,751395,18326,41,17987,82,18156,2024,18
41,746446,18206,41,17986,82,18096,2024,7
40,726378,18159,42,18316,82,18240,2024,16
41,742522,18110,41,18386,82,18248,2024,10
41,740624,18064,41,18720,82,18392,2024,5
41,738984,18024,41,18185,82,18104,2024,26
41,735015,17927,41,17921,82,17924,2024,12
42,740885,17640,40,18664,82,18139,2024,9
41,720291,17568,41,18156,82,17862,2024,3
41,720045,17562,41,18170,82,17866,2024,28
41,715509,17451,41,18404,82,17927,2024,20
40,692054,17301,42,18193,82,17758,2024,23
41,699911,17071,41,18582,82,17826,2024,19
41,696418,16985,41,18416,82,17701,2024,25
41,692851,16898,41,18190,82,17544,2024,4
41,681875,16631,41,18182,82,17406,2024,8
41,677554,16525,41,18380,82,17453,2024,11
41,674400,16448,41,18268,82,17358,2024,24
41,825659,20138,41,18227,82,19182,2025,29
40,803174,20079,42,18104,82,19079,2025,1
41,813621,19844,41,17873,82,18858,2025,30
41,811794,19799,41,18465,82,19132,2025,17
41,811211,19785,41,18093,82,18939,2025,2
41,808337,19715,41,18200,82,18958,2025,14
41,796712,19432,41,18441,82,18936,2025,21
41,785396,19156,41,18520,82,18838,2025,27
41,781929,19071,41,18016,82,18543,2025,16
41,772249,18835,41,18158,82,18497,2025,26
41,768573,18745,41,18030,82,18387,2025,22
41,767626,18722,41,18796,82,18759,2025,6
41,762121,18588,41,18005,82,18296,2025,15
41,745175,18175,41,17697,82,17936,2025,7
41,740624,18064,41,18564,82,18314,2025,5
42,754832,17972,40,18255,82,18110,2025,20
41,731474,17840,41,18135,82,17988,2025,10
41,719369,17545,41,17806,82,17676,2025,18
41,716853,17484,41,18005,82,17745,2025,28
42,732014,17428,40,18357,82,17882,2025,9
41,713304,17397,41,18043,82,17720,2025,3
41,703935,17169,41,18314,82,17741,2025,24
41,699911,17071,41,18116,82,17593,2025,19
41,679565,16989,41,17934,82,17467,2025,12
41,689400,16814,41,17953,82,17384,2025,23
41,685434,16717,41,17770,82,17244,2025,11
41,683067,16660,41,18131,82,17395,2025,8
41,679220,16566,41,18203,82,17384,2025,13
40,657613,16440,42,18088,82,17284,2025,25
41,663691,16187,41,18136,82,17161,2025,4
