RK,TEAM,HOME_GMS,HOME_TOTAL,HOME_AVG,HOME_PCT,ROAD_GMS,ROAD_AVG,ROAD_PCT,ALL_GMS,ALL_AVG,ALL_PCT,season
1,Bulls,41,851824,20776,--,41,18030,4106.9,82,19403,8839.3,2018
2,Cavaliers,41,843042,20562,--,41,19071,4238.1,82,19825,8921.6,2018
3,76ers,41,833503,20329,--,41,18012,4002.7,82,19185,8633.3,2018
4,Raptors,41,813431,19839,--,41,17673,4025.6,82,18756,8544.6,2018
5,Mavericks,41,811453,19791,--,41,17374,1930.5,82,18597,4184.5,2018
6,Heat,41,785250,19631,--,41,18177,4140.4,82,18895,8502.9,2018
7,Warriors,41,803436,19596,--,41,18884,2150.7,82,19240,4382.5,2018
8,Trail Blazers,41,795328,19398,--,41,17556,1999.5,82,18477,4208.8,2018
9,NY Knicks,41,792608,19331,--,41,18179,4039.8,82,18762,8443.2,2018
10,Lakers,41,776327,18934,--,41,18655,2072.8,82,18796,4229.3,2018
11,Celtics,41,744960,18624,--,41,18588,4130.7,82,18606,8269.4,2018
12,Spurs,41,754562,18403,--,41,18427,4197.4,82,18415,8389.4,2018
13,Thunder,41,746323,18203,--,41,18866,4297.5,82,18534,8443.7,2018
14,Wizards,41,718946,17973,--,41,17682,4027.6,82,17826,8021.8,2018
15,Jazz,41,734806,17922,--,41,17495,1992.5,82,17708,4033.7,2018
16,Rockets,41,716008,17900,--,41,18369,2092.0,82,18137,4081.0,2018
17,Magic,41,715728,17893,--,41,17651,4020.6,82,17770,7996.8,2018
18,Kings,41,649571,17555,--,41,17478,1990.6,82,17515,3795.0,2018
19,Pistons,41,713945,17413,--,41,17959,4090.7,82,17686,8057.1,2018
20,Nuggets,41,702796,17141,--,41,17871,2035.3,82,17506,3987.5,2018
21,Timberwolves,41,699308,17056,--,41,17850,2033.0,82,17453,3975.5,2018
22,Clippers,41,697812,17019,94.6,41,17735,--,82,17373,190.7,2018
23,Suns,41,674655,16866,--,41,17610,2005.7,82,17243,3879.7,2018
24,Bucks,41,685303,16714,--,41,18380,4186.7,82,17547,7994.0,2018
25,Pelicans,41,673920,16437,--,41,17911,2039.9,82,17174,3911.9,2018
26,Hornets,41,671404,16375,--,41,17623,4014.2,82,16999,7744.2,2018
27,Pacers,41,658119,16051,--,41,17749,3944.2,82,16889,7600.5,2018
28,Grizzlies,41,653863,15947,--,41,17348,1975.8,82,16648,3792.1,2018
29,Nets,41,622278,15556,--,41,17687,3930.6,82,16622,7387.7,2018
30,Hawks,41,590769,14409,--,41,17854,3868.5,82,16088,7150.6,2018
1,76ers,41,838092,20441,--,41,17895,4076.1,82,19168,8732.2,2019
2,Bulls,41,823475,20084,--,41,17822,4059.5,82,18953,8634.4,2019
3,Mavericks,41,820569,20013,--,41,18073,2058.4,82,19043,4337.8,2019
4,Raptors,41,812822,19824,--,41,18239,4154.7,82,19032,8670.3,2019
5,Heat,41,805264,19640,--,41,18176,4140.1,82,18908,8613.8,2019
6,Warriors,41,803436,19596,--,41,18790,2140.0,82,19193,4371.8,2019
7,Trail Blazers,41,799345,19496,--,41,17992,1999.2,82,18753,4219.6,2019
8,Cavaliers,41,793337,19349,--,41,17632,4016.2,82,18490,8423.7,2019
9,NY Knicks,41,779087,19002,--,41,17566,4001.3,82,18284,8329.5,2019
10,Lakers,41,778877,18997,--,41,18862,2148.2,82,18929,4311.8,2019
11,Celtics,41,763584,18624,--,41,18671,4253.0,82,18647,8495.1,2019
12,Nuggets,41,756457,18450,--,41,17474,1990.2,82,17962,4091.5,2019
13,Spurs,41,750616,18307,--,41,17381,1979.6,82,17844,4064.6,2019
14,Jazz,41,750546,18306,--,41,17517,1995.0,82,17911,4079.9,2019
15,Thunder,41,746323,18203,--,41,17866,2034.8,82,18034,4107.9,2019
16,Rockets,41,740392,18058,--,41,17921,2041.0,82,17989,4097.7,2019
17,Bucks,41,721692,17602,--,41,18185,4142.3,82,17893,8151.7,2019
18,Magic,41,720024,17561,--,41,17659,4022.5,82,17610,8022.6,2019
19,Wizards,41,716996,17487,--,41,17509,3988.3,82,17498,7971.6,2019
20,Clippers,41,710327,17325,96.3,41,17233,--,82,17279,192.0,2019
21,Kings,41,700975,17096,--,41,17199,1958.8,82,17148,3905.9,2019
22,Pacers,41,689310,16812,--,41,17957,3990.5,82,17377,7820.0,2019
23,Hornets,41,676570,16501,--,41,17648,4019.8,82,17074,7778.6,2019
24,Pistons,41,675963,16486,--,41,17819,4058.8,82,17153,7814.1,2019
25,Pelicans,41,656183,16004,--,41,17667,4024.2,82,16835,7669.7,2019
26,Grizzlies,41,607564,15578,--,41,17579,2002.1,82,16604,3689.8,2019
27,Hawks,41,628440,15327,--,41,17786,4051.3,82,16557,7542.7,2019
28,Timberwolves,41,627543,15305,--,41,17641,4018.4,82,16473,7504.7,2019
29,Suns,41,627023,15293,--,41,17982,2048.1,82,16638,3789.8,2019
30,Nets,41,612597,14941,--,41,18085,4119.5,82,16513,7522.8,2019
1,76ers,35,639491,20628,--,38,17706,3246.3,73,19122,6799.0,2020
2,Mavericks,38,682096,20061,--,37,18249,--,75,19169,--,2020
3,Raptors,36,633456,19795,--,36,17789,3162.5,72,18792,6681.7,2020
4,Heat,36,629771,19680,--,37,18127,3323.3,73,18891,6822.1,2020
5,Trail Blazers,36,608634,19633,--,38,17941,1694.5,74,18748,3385.1,2020
6,Nuggets,37,633153,19186,--,36,17163,3051.2,73,18190,6568.7,2020
7,Celtics,36,610864,19089,--,36,18409,3272.7,72,18749,6666.4,2020
8,Clippers,36,610176,19068,105.9,36,17855,--,72,18461,205.1,2020
9,Lakers,35,588907,18997,--,36,18877,1678.0,71,18936,3313.8,2020
10,NY Knicks,33,620789,18811,--,33,17767,3257.4,66,18289,6706.2,2020
11,Bulls,34,639352,18804,--,31,17767,--,65,18310,--,2020
12,Spurs,34,550515,18350,--,37,17588,1612.3,71,17951,3141.5,2020
13,Thunder,37,600699,18203,--,35,17855,3075.1,72,18034,6412.3,2020
14,Rockets,36,578458,18076,--,36,18072,1606.4,72,18074,3213.3,2020
15,Warriors,34,614176,18064,--,31,17454,3006.0,65,17773,6418.1,2020
16,Cavaliers,36,623576,17816,--,29,18254,2941.0,65,18014,6405.3,2020
17,Bucks,35,549036,17710,--,38,17892,3379.7,73,17805,6429.9,2020
18,Magic,35,529870,17092,--,38,17243,3257.1,73,17171,6200.8,2020
19,Wizards,36,532702,16646,--,36,17587,3126.7,72,17117,6086.2,2020
20,Pacers,36,529002,16531,--,37,17297,--,73,16914,--,2020
21,Pelicans,36,528172,16505,--,36,18234,3241.7,72,17369,6176.0,2020
22,Nets,36,524907,16403,--,36,17910,--,72,17157,--,2020
23,Hawks,34,545453,16042,--,33,17786,3260.9,67,16901,6291.2,2020
24,Grizzlies,37,523297,15857,--,36,17508,1556.3,73,16670,3009.9,2020
25,Suns,39,550633,15732,--,34,17660,2943.4,73,16622,6002.5,2020
26,Pistons,33,509463,15438,--,33,17641,3234.2,66,16539,6064.6,2020
,Hornets,31,478591,15438,--,34,17564,3317.7,65,16550,5976.6,2020
28,Timberwolves,32,482112,15066,--,32,17463,3104.6,64,16264,5783.0,2020
29,Kings,35,520663,0,--,37,0,--,72,0,--,2020
,Jazz,35,567486,0,--,37,0,--,72,0,--,2020
1,Jazz,36,151300,4450,--,36,3104,--,72,4077,--,2021
2,76ers,36,68583,3810,--,36,2693,--,72,3284,--,2021
3,Suns,36,104027,3715,--,36,2951,--,72,3397,--,2021
4,Mavericks,36,94849,3648,--,36,2316,--,72,3140,--,2021
5,Nuggets,36,54554,3636,--,36,2481,234.4,72,3023,537.4,2021
6,Magic,36,130712,3630,--,36,2954,--,72,3405,--,2021
7,Bulls,36,13655,3413,--,36,2343,--,72,2538,--,2021
8,Hornets,36,68255,3412,--,36,2475,--,72,2981,--,2021
9,Rockets,36,117009,3250,--,36,3282,--,72,3259,--,2021
10,Spurs,36,61053,3052,--,36,3170,--,72,3111,--,2021
11,Warriors,36,33457,3041,--,36,2873,--,72,2939,--,2021
12,Cavaliers,36,91476,2950,--,36,2616,--,72,2828,--,2021
13,Wizards,36,21331,2666,--,36,2678,--,72,2675,--,2021
14,Bucks,36,64780,2591,--,36,2644,--,72,2612,--,2021
15,Pelicans,36,93120,2586,--,36,2793,--,72,2662,--,2021
16,Raptors,36,26024,2365,--,36,2046,250.1,72,2152,394.7,2021
17,Lakers,36,23313,2331,--,36,3015,284.8,72,2762,414.4,2021
18,Celtics,36,30067,2312,--,36,2781,--,72,2607,--,2021
19,Hawks,36,59288,2195,--,36,2786,--,72,2397,--,2021
20,Grizzlies,36,61449,2194,--,36,2928,325.3,72,2500,666.7,2021
21,Trail Blazers,36,7756,1939,--,36,3420,--,72,3138,--,2021
22,NY Knicks,36,42131,1755,--,36,2803,327.1,72,2244,561.2,2021
23,Clippers,36,13901,1737,9.7,36,2932,--,72,2590,50.4,2021
24,Nets,36,30491,1524,--,36,3005,--,72,2182,--,2021
25,Timberwolves,36,15774,1434,--,36,2307,96.1,72,1937,140.0,2021
26,Pistons,36,14250,647,--,36,2946,--,72,1579,--,2021
27,Pacers,36,0,0,--,36,3030,--,72,2840,--,2021
,Heat,36,0,0,--,36,3272,--,72,3108,--,2021
,Kings,36,0,0,--,36,3007,--,72,2660,--,2021
,Thunder,36,0,0,--,36,2463,232.6,72,2203,232.6,2021
1,Bulls,41,856148,20881,--,41,18198,4044.2,82,19556,8800.6,2022
2,76ers,41,846867,20655,--,41,16589,3778.8,82,18622,8483.6,2022
3,Mavericks,41,809315,19739,--,41,17092,1946.6,82,18415,4194.7,2022
4,Heat,41,804761,19628,--,41,17294,3843.3,82,18476,8314.2,2022
5,Celtics,41,766240,19156,--,41,17583,4005.2,82,18360,8262.1,2022
6,Raptors,41,547343,18873,--,41,17233,3925.4,82,17913,6966.2,2022
7,Lakers,41,764631,18649,--,41,18179,2070.5,82,18414,4194.5,2022
8,NY Knicks,41,763484,18621,--,41,17722,3938.4,82,18177,8180.0,2022
9,Cavaliers,41,758228,18493,--,41,17134,3902.9,82,17813,8115.2,2022
10,Jazz,41,750546,18306,--,41,16898,3755.2,82,17610,7924.9,2022
11,Warriors,41,740624,18064,--,41,18111,2012.4,82,18087,4069.7,2022
12,Bucks,41,715581,17453,--,41,17656,4021.8,82,17555,7997.3,2022
13,Nets,41,711539,17354,--,41,17456,3976.3,82,17405,7929.3,2022
14,Trail Blazers,41,705608,17209,--,41,16559,1840.0,82,16888,3800.0,2022
15,Hornets,41,700755,17091,--,41,17503,3889.6,82,17294,7782.7,2022
16,Nuggets,41,695262,16957,--,41,16864,1873.9,82,16911,3805.2,2022
17,Clippers,41,694005,16926,94.0,41,16910,--,82,16918,185.7,2022
18,Suns,41,679252,16567,--,41,17403,1933.7,82,16979,3820.5,2022
19,Hawks,41,672742,16408,--,41,17073,3794.1,82,16736,7531.5,2022
20,Pistons,41,663556,16184,--,41,16752,3815.9,82,16468,7502.4,2022
21,Timberwolves,41,657148,16028,--,41,16811,1914.7,82,16419,3740.1,2022
22,Grizzlies,41,646785,15775,--,41,17740,2020.4,82,16757,3817.1,2022
23,Rockets,41,638977,15584,--,41,16655,3793.7,82,16120,7343.6,2022
24,Wizards,41,637215,15541,--,41,16939,3764.3,82,16231,7304.4,2022
25,Pelicans,41,635941,15510,--,41,16727,1812.1,82,16103,3578.6,2022
26,Magic,41,622881,15192,--,41,17062,3886.5,82,16127,7347.0,2022
27,Spurs,41,615588,15014,--,41,16939,1882.2,82,15965,3592.2,2022
28,Thunder,41,595112,14877,--,41,16638,1894.9,82,15768,3548.0,2022
29,Kings,41,577583,14439,--,41,16598,1890.4,82,15532,3494.8,2022
30,Pacers,41,588743,14359,--,41,16794,3825.4,82,15577,7096.2,2022
1,Bulls,41,841632,20527,--,41,18243,4155.5,82,19385,8831.3,2023
2,76ers,41,839261,20469,--,41,17910,4079.7,82,19190,8742.3,2023
3,Mavericks,41,827282,20177,--,41,18138,2065.8,82,19158,4363.8,2023
4,Raptors,41,811261,19786,--,41,17755,4044.4,82,18771,8551.4,2023
5,Heat,41,807190,19687,--,41,18369,4184.1,82,19028,8668.4,2023
6,Cavaliers,41,777280,19432,--,41,18093,4121.2,82,18754,8439.5,2023
7,NY Knicks,41,795110,19392,--,41,18467,4206.5,82,18930,8623.8,2023
8,Nuggets,41,788635,19235,--,41,17628,2007.6,82,18431,4198.3,2023
9,Celtics,41,766240,19156,--,41,18830,4289.3,82,18991,8546.1,2023
10,Trail Blazers,41,767374,18716,--,41,17786,3952.6,82,18257,8215.8,2023
11,Lakers,41,763168,18613,--,41,18777,2138.5,82,18695,4258.5,2023
12,Pistons,41,759715,18529,--,41,17866,4069.5,82,18197,8290.1,2023
13,Jazz,41,728240,18206,--,41,17881,2036.5,82,18041,4059.4,2023
14,Warriors,41,740624,18064,--,41,19772,2196.9,82,18907,4254.2,2023
15,Magic,41,728405,17765,--,41,18013,4003.0,82,17888,8049.7,2023
16,Nets,41,724439,17669,--,41,18312,4171.1,82,17990,8195.8,2023
17,Clippers,41,720543,17574,97.6,41,17625,--,82,17599,195.6,2023
18,Hawks,41,719787,17555,--,41,18053,4112.1,82,17804,8110.9,2023
19,Bucks,41,718786,17531,--,41,18296,4167.4,82,17913,8160.7,2023
20,Kings,41,715491,17451,--,41,17534,1996.9,82,17492,3984.4,2023
21,Wizards,41,710481,17328,--,41,17753,4043.9,82,17541,7991.0,2023
22,Grizzlies,41,707836,17264,--,41,18162,4137.0,82,17713,8069.5,2023
23,Hornets,41,702052,17123,--,41,18032,4107.5,82,17578,8007.8,2023
24,Suns,41,682840,17071,--,41,18294,2083.5,82,17690,3980.3,2023
25,Spurs,41,694434,16937,--,41,17649,2010.1,82,17293,3939.1,2023
26,Pelicans,41,687691,16772,--,41,18021,2052.5,82,17397,3962.7,2023
27,Timberwolves,41,687510,16768,--,41,17499,1993.0,82,17133,3902.7,2023
28,Rockets,41,668865,16313,--,41,17677,2013.3,82,16995,3871.2,2023
29,Pacers,41,641562,15647,--,41,17900,4077.4,82,16774,7641.7,2023
30,Thunder,41,636903,15534,--,41,17948,1994.3,82,16726,3763.4,2023
1,Bulls,41,845620,20624,--,41,18379,4186.3,82,19501,8884.2,2024
2,Mavericks,41,828897,20217,--,41,18299,4168.3,82,19258,8773.3,2024
3,76ers,41,821714,20041,--,41,18395,4190.1,82,19218,8755.2,2024
4,Heat,41,809743,19749,--,41,18392,4189.3,82,19071,8687.9,2024
5,NY Knicks,41,808885,19728,--,41,18620,4241.2,82,19174,8735.1,2024
6,Nuggets,41,807062,19684,--,41,18211,1382.7,82,18948,2877.3,2024
7,Raptors,41,800129,19515,--,41,17993,4098.6,82,18754,8543.7,2024
8,Cavaliers,41,793167,19345,--,41,18378,4186.3,82,18862,8592.7,2024
9,Celtics,41,785396,19156,--,41,18743,4269.2,82,18949,8632.6,2024
10,Clippers,41,776782,18945,105.3,41,18431,--,82,18688,207.7,2024
11,Lakers,42,793945,18903,--,40,18673,2074.8,82,18791,4280.2,2024
12,Magic,41,773939,18876,--,41,18105,4124.1,82,18491,8423.7,2024
13,Trail Blazers,41,751395,18326,--,41,17987,2048.5,82,18156,4135.8,2024
14,Jazz,41,746446,18206,--,41,17986,2048.5,82,18096,4121.9,2024
15,Pistons,40,726378,18159,--,42,18316,4274.0,82,18240,8309.4,2024
16,Spurs,41,742522,18110,--,41,18386,4188.0,82,18248,8313.1,2024
17,Warriors,41,740624,18064,--,41,18720,2132.0,82,18392,4189.3,2024
18,Timberwolves,41,738984,18024,--,41,18185,2071.1,82,18104,4123.9,2024
19,Kings,41,735015,17927,--,41,17921,2041.1,82,17924,4082.8,2024
20,Bucks,42,740885,17640,--,40,18664,4147.6,82,18139,8263.6,2024
21,Nets,41,720291,17568,--,41,18156,4135.7,82,17862,8137.4,2024
22,Rockets,41,720045,17562,--,41,18170,2069.4,82,17866,4069.6,2024
23,Thunder,41,715509,17451,--,41,18404,4192.1,82,17927,8167.2,2024
24,Pelicans,40,692054,17301,--,42,18193,2122.5,82,17758,4044.9,2024
25,Suns,41,699911,17071,--,41,18582,2116.3,82,17826,4060.5,2024
26,Hawks,41,696418,16985,--,41,18416,4194.9,82,17701,8063.9,2024
27,Wizards,41,692851,16898,--,41,18190,4143.4,82,17544,7992.5,2024
28,Grizzlies,41,681875,16631,--,41,18182,2070.8,82,17406,3964.9,2024
29,Pacers,41,677554,16525,--,41,18380,4186.7,82,17453,7950.8,2024
30,Hornets,41,674400,16448,--,41,18268,4161.2,82,17358,7907.8,2024
1,Bulls,41,825659,20138,--,41,18227,4151.8,82,19182,8738.8,2025
2,Mavericks,40,803174,20079,--,42,18104,2061.8,82,19079,4292.9,2025
3,76ers,41,813621,19844,--,41,17873,4071.2,82,18858,8591.3,2025
4,NY Knicks,41,811794,19799,--,41,18465,4206.0,82,19132,8716.0,2025
5,Nuggets,41,811211,19785,--,41,18093,4121.4,82,18939,8628.1,2025
6,Heat,41,808337,19715,--,41,18200,4145.7,82,18958,8636.5,2025
7,Cavaliers,41,796712,19432,--,41,18441,4200.7,82,18936,8626.8,2025
8,Celtics,41,785396,19156,--,41,18520,4218.7,82,18838,8582.0,2025
9,Pistons,41,781929,19071,--,41,18016,4103.7,82,18543,8447.7,2025
10,Timberwolves,41,772249,18835,--,41,18158,4136.2,82,18497,8426.5,2025
11,Raptors,41,768573,18745,--,41,18030,4106.9,82,18387,8376.8,2025
12,Lakers,41,767626,18722,--,41,18796,2140.7,82,18759,4273.0,2025
13,Magic,41,762121,18588,--,41,18005,4101.2,82,18296,8335.2,2025
14,Jazz,41,745175,18175,--,41,17697,1343.7,82,17936,2723.7,2025
15,Warriors,41,740624,18064,--,41,18564,2114.2,82,18314,4171.5,2025
16,Thunder,42,754832,17972,--,40,18255,2028.4,82,18110,4125.1,2025
17,Spurs,41,731474,17840,--,41,18135,2065.4,82,17988,4097.3,2025
18,Trail Blazers,41,719369,17545,--,41,17806,2028.0,82,17676,4026.2,2025
19,Rockets,41,716853,17484,--,41,18005,2050.7,82,17745,4041.9,2025
20,Bucks,42,732014,17428,--,40,18357,4079.5,82,17882,8146.2,2025
21,Nets,41,713304,17397,--,41,18043,4109.8,82,17720,8072.6,2025
22,Hornets,41,703935,17169,--,41,18314,4171.5,82,17741,8082.3,2025
23,Suns,41,699911,17071,--,41,18116,2063.2,82,17593,4007.4,2025
24,Kings,41,679565,16989,--,41,17934,2042.5,82,17467,3930.2,2025
25,Pelicans,41,689400,16814,--,41,17953,4089.4,82,17384,7919.4,2025
26,Pacers,41,685434,16717,--,41,17770,4047.7,82,17244,7855.7,2025
27,Grizzlies,41,683067,16660,--,41,18131,2065.0,82,17395,3962.4,2025
28,Clippers,41,679220,16566,92.0,41,18203,--,82,17384,193.2,2025
29,Hawks,40,657613,16440,--,42,18088,4220.7,82,17284,7874.1,2025
30,Wizards,41,663691,16187,--,41,18136,4131.0,82,17161,7818.2,2025
